image_path,pathology,label
E:\auramed\training\data\breast\raw\synthetic_cbis_ddsm\images\synth_mammo_0000_malignant.png,MALIGNANT,1
E:\auramed\training\data\breast\raw\synthetic_cbis_ddsm\images\synth_mammo_0001_benign.png,BENIGN,0
E:\auramed\training\data\breast\raw\synthetic_cbis_ddsm\images\synth_mammo_0002_benign.png,BENIGN,0
E:\auramed\training\data\breast\raw\synthetic_cbis_ddsm\images\synth_mammo_0003_malignant.png,MALIGNANT,1
E:\auramed\training\data\breast\raw\synthetic_cbis_ddsm\images\synth_mammo_0004_benign.png,BENIGN,0
E:\auramed\training\data\breast\raw\synthetic_cbis_ddsm\images\synth_mammo_0005_benign.png,BENIGN,0
E:\auramed\training\data\breast\raw\synthetic_cbis_ddsm\images\synth_mammo_0006_malignant.png,MALIGNANT,1
E:\auramed\training\data\breast\raw\synthetic_cbis_ddsm\images\synth_mammo_0007_benign.png,BENIGN,0
E:\auramed\training\data\breast\raw\synthetic_cbis_ddsm\images\synth_mammo_0008_benign.png,BENIGN,0
E:\auramed\training\data\breast\raw\synthetic_cbis_ddsm\images\synth_mammo_0009_malignant.png,MALIGNANT,1
E:\auramed\training\data\breast\raw\synthetic_cbis_ddsm\images\synth_mammo_0010_benign.png,BENIGN,0
E:\auramed\training\data\breast\raw\synthetic_cbis_ddsm\images\synth_mammo_0011_benign.png,BENIGN,0
E:\auramed\training\data\breast\raw\synthetic_cbis_ddsm\images\synth_mammo_0012_malignant.png,MALIGNANT,1
E:\auramed\training\data\breast\raw\synthetic_cbis_ddsm\images\synth_mammo_0013_benign.png,BENIGN,0
E:\auramed\training\data\breast\raw\synthetic_cbis_ddsm\images\synth_mammo_0014_benign.png,BENIGN,0
E:\auramed\training\data\breast\raw\synthetic_cbis_ddsm\images\synth_mammo_0015_malignant.png,MALIGNANT,1
E:\auramed\training\data\breast\raw\synthetic_cbis_ddsm\images\synth_mammo_0016_benign.png,BENIGN,0
E:\auramed\training\data\breast\raw\synthetic_cbis_ddsm\images\synth_mammo_0017_benign.png,BENIGN,0
E:\auramed\training\data\breast\raw\synthetic_cbis_ddsm\images\synth_mammo_0018_malignant.png,MALIGNANT,1
E:\auramed\training\data\breast\raw\synthetic_cbis_ddsm\images\synth_mammo_0019_benign.png,BENIGN,0
E:\auramed\training\data\breast\raw\synthetic_cbis_ddsm\images\synth_mammo_0020_benign.png,BENIGN,0
E:\auramed\training\data\breast\raw\synthetic_cbis_ddsm\images\synth_mammo_0021_malignant.png,MALIGNANT,1
E:\auramed\training\data\breast\raw\synthetic_cbis_ddsm\images\synth_mammo_0022_benign.png,BENIGN,0
E:\auramed\training\data\breast\raw\synthetic_cbis_ddsm\images\synth_mammo_0023_benign.png,BENIGN,0
E:\auramed\training\data\breast\raw\synthetic_cbis_ddsm\images\synth_mammo_0024_malignant.png,MALIGNANT,1
E:\auramed\training\data\breast\raw\synthetic_cbis_ddsm\images\synth_mammo_0025_benign.png,BENIGN,0
E:\auramed\training\data\breast\raw\synthetic_cbis_ddsm\images\synth_mammo_0026_benign.png,BENIGN,0
E:\auramed\training\data\breast\raw\synthetic_cbis_ddsm\images\synth_mammo_0027_malignant.png,MALIGNANT,1
E:\auramed\training\data\breast\raw\synthetic_cbis_ddsm\images\synth_mammo_0028_benign.png,BENIGN,0
E:\auramed\training\data\breast\raw\synthetic_cbis_ddsm\images\synth_mammo_0029_benign.png,BENIGN,0
E:\auramed\training\data\breast\raw\synthetic_cbis_ddsm\images\synth_mammo_0030_malignant.png,MALIGNANT,1
E:\auramed\training\data\breast\raw\synthetic_cbis_ddsm\images\synth_mammo_0031_benign.png,BENIGN,0
E:\auramed\training\data\breast\raw\synthetic_cbis_ddsm\images\synth_mammo_0032_benign.png,BENIGN,0
E:\auramed\training\data\breast\raw\synthetic_cbis_ddsm\images\synth_mammo_0033_malignant.png,MALIGNANT,1
E:\auramed\training\data\breast\raw\synthetic_cbis_ddsm\images\synth_mammo_0034_benign.png,BENIGN,0
E:\auramed\training\data\breast\raw\synthetic_cbis_ddsm\images\synth_mammo_0035_benign.png,BENIGN,0
E:\auramed\training\data\breast\raw\synthetic_cbis_ddsm\images\synth_mammo_0036_malignant.png,MALIGNANT,1
E:\auramed\training\data\breast\raw\synthetic_cbis_ddsm\images\synth_mammo_0037_benign.png,BENIGN,0
E:\auramed\training\data\breast\raw\synthetic_cbis_ddsm\images\synth_mammo_0038_benign.png,BENIGN,0
E:\auramed\training\data\breast\raw\synthetic_cbis_ddsm\images\synth_mammo_0039_malignant.png,MALIGNANT,1
E:\auramed\training\data\breast\raw\synthetic_cbis_ddsm\images\synth_mammo_0040_benign.png,BENIGN,0
E:\auramed\training\data\breast\raw\synthetic_cbis_ddsm\images\synth_mammo_0041_benign.png,BENIGN,0
E:\auramed\training\data\breast\raw\synthetic_cbis_ddsm\images\synth_mammo_0042_malignant.png,MALIGNANT,1
E:\auramed\training\data\breast\raw\synthetic_cbis_ddsm\images\synth_mammo_0043_benign.png,BENIGN,0
E:\auramed\training\data\breast\raw\synthetic_cbis_ddsm\images\synth_mammo_0044_benign.png,BENIGN,0
E:\auramed\training\data\breast\raw\synthetic_cbis_ddsm\images\synth_mammo_0045_malignant.png,MALIGNANT,1
E:\auramed\training\data\breast\raw\synthetic_cbis_ddsm\images\synth_mammo_0046_benign.png,BENIGN,0
E:\auramed\training\data\breast\raw\synthetic_cbis_ddsm\images\synth_mammo_0047_benign.png,BENIGN,0
E:\auramed\training\data\breast\raw\synthetic_cbis_ddsm\images\synth_mammo_0048_malignant.png,MALIGNANT,1
E:\auramed\training\data\breast\raw\synthetic_cbis_ddsm\images\synth_mammo_0049_benign.png,BENIGN,0
E:\auramed\training\data\breast\raw\synthetic_cbis_ddsm\images\synth_mammo_0050_benign.png,BENIGN,0
E:\auramed\training\data\breast\raw\synthetic_cbis_ddsm\images\synth_mammo_0051_malignant.png,MALIGNANT,1
E:\auramed\training\data\breast\raw\synthetic_cbis_ddsm\images\synth_mammo_0052_benign.png,BENIGN,0
E:\auramed\training\data\breast\raw\synthetic_cbis_ddsm\images\synth_mammo_0053_benign.png,BENIGN,0
E:\auramed\training\data\breast\raw\synthetic_cbis_ddsm\images\synth_mammo_0054_malignant.png,MALIGNANT,1
E:\auramed\training\data\breast\raw\synthetic_cbis_ddsm\images\synth_mammo_0055_benign.png,BENIGN,0
E:\auramed\training\data\breast\raw\synthetic_cbis_ddsm\images\synth_mammo_0056_benign.png,BENIGN,0
E:\auramed\training\data\breast\raw\synthetic_cbis_ddsm\images\synth_mammo_0057_malignant.png,MALIGNANT,1
E:\auramed\training\data\breast\raw\synthetic_cbis_ddsm\images\synth_mammo_0058_benign.png,BENIGN,0
E:\auramed\training\data\breast\raw\synthetic_cbis_ddsm\images\synth_mammo_0059_benign.png,BENIGN,0
E:\auramed\training\data\breast\raw\synthetic_cbis_ddsm\images\synth_mammo_0060_malignant.png,MALIGNANT,1
E:\auramed\training\data\breast\raw\synthetic_cbis_ddsm\images\synth_mammo_0061_benign.png,BENIGN,0
E:\auramed\training\data\breast\raw\synthetic_cbis_ddsm\images\synth_mammo_0062_benign.png,BENIGN,0
E:\auramed\training\data\breast\raw\synthetic_cbis_ddsm\images\synth_mammo_0063_malignant.png,MALIGNANT,1
E:\auramed\training\data\breast\raw\synthetic_cbis_ddsm\images\synth_mammo_0064_benign.png,BENIGN,0
E:\auramed\training\data\breast\raw\synthetic_cbis_ddsm\images\synth_mammo_0065_benign.png,BENIGN,0
E:\auramed\training\data\breast\raw\synthetic_cbis_ddsm\images\synth_mammo_0066_malignant.png,MALIGNANT,1
E:\auramed\training\data\breast\raw\synthetic_cbis_ddsm\images\synth_mammo_0067_benign.png,BENIGN,0
E:\auramed\training\data\breast\raw\synthetic_cbis_ddsm\images\synth_mammo_0068_benign.png,BENIGN,0
E:\auramed\training\data\breast\raw\synthetic_cbis_ddsm\images\synth_mammo_0069_malignant.png,MALIGNANT,1
E:\auramed\training\data\breast\raw\synthetic_cbis_ddsm\images\synth_mammo_0070_benign.png,BENIGN,0
E:\auramed\training\data\breast\raw\synthetic_cbis_ddsm\images\synth_mammo_0071_benign.png,BENIGN,0
E:\auramed\training\data\breast\raw\synthetic_cbis_ddsm\images\synth_mammo_0072_malignant.png,MALIGNANT,1
E:\auramed\training\data\breast\raw\synthetic_cbis_ddsm\images\synth_mammo_0073_benign.png,BENIGN,0
E:\auramed\training\data\breast\raw\synthetic_cbis_ddsm\images\synth_mammo_0074_benign.png,BENIGN,0
E:\auramed\training\data\breast\raw\synthetic_cbis_ddsm\images\synth_mammo_0075_malignant.png,MALIGNANT,1
E:\auramed\training\data\breast\raw\synthetic_cbis_ddsm\images\synth_mammo_0076_benign.png,BENIGN,0
E:\auramed\training\data\breast\raw\synthetic_cbis_ddsm\images\synth_mammo_0077_benign.png,BENIGN,0
E:\auramed\training\data\breast\raw\synthetic_cbis_ddsm\images\synth_mammo_0078_malignant.png,MALIGNANT,1
E:\auramed\training\data\breast\raw\synthetic_cbis_ddsm\images\synth_mammo_0079_benign.png,BENIGN,0
E:\auramed\training\data\breast\raw\synthetic_cbis_ddsm\images\synth_mammo_0080_benign.png,BENIGN,0
E:\auramed\training\data\breast\raw\synthetic_cbis_ddsm\images\synth_mammo_0081_malignant.png,MALIGNANT,1
E:\auramed\training\data\breast\raw\synthetic_cbis_ddsm\images\synth_mammo_0082_benign.png,BENIGN,0
E:\auramed\training\data\breast\raw\synthetic_cbis_ddsm\images\synth_mammo_0083_benign.png,BENIGN,0
E:\auramed\training\data\breast\raw\synthetic_cbis_ddsm\images\synth_mammo_0084_malignant.png,MALIGNANT,1
E:\auramed\training\data\breast\raw\synthetic_cbis_ddsm\images\synth_mammo_0085_benign.png,BENIGN,0
E:\auramed\training\data\breast\raw\synthetic_cbis_ddsm\images\synth_mammo_0086_benign.png,BENIGN,0
E:\auramed\training\data\breast\raw\synthetic_cbis_ddsm\images\synth_mammo_0087_malignant.png,MALIGNANT,1
E:\auramed\training\data\breast\raw\synthetic_cbis_ddsm\images\synth_mammo_0088_benign.png,BENIGN,0
E:\auramed\training\data\breast\raw\synthetic_cbis_ddsm\images\synth_mammo_0089_benign.png,BENIGN,0
E:\auramed\training\data\breast\raw\synthetic_cbis_ddsm\images\synth_mammo_0090_malignant.png,MALIGNANT,1
E:\auramed\training\data\breast\raw\synthetic_cbis_ddsm\images\synth_mammo_0091_benign.png,BENIGN,0
E:\auramed\training\data\breast\raw\synthetic_cbis_ddsm\images\synth_mammo_0092_benign.png,BENIGN,0
E:\auramed\training\data\breast\raw\synthetic_cbis_ddsm\images\synth_mammo_0093_malignant.png,MALIGNANT,1
E:\auramed\training\data\breast\raw\synthetic_cbis_ddsm\images\synth_mammo_0094_benign.png,BENIGN,0
E:\auramed\training\data\breast\raw\synthetic_cbis_ddsm\images\synth_mammo_0095_benign.png,BENIGN,0
E:\auramed\training\data\breast\raw\synthetic_cbis_ddsm\images\synth_mammo_0096_malignant.png,MALIGNANT,1
E:\auramed\training\data\breast\raw\synthetic_cbis_ddsm\images\synth_mammo_0097_benign.png,BENIGN,0
E:\auramed\training\data\breast\raw\synthetic_cbis_ddsm\images\synth_mammo_0098_benign.png,BENIGN,0
E:\auramed\training\data\breast\raw\synthetic_cbis_ddsm\images\synth_mammo_0099_malignant.png,MALIGNANT,1
E:\auramed\training\data\breast\raw\synthetic_cbis_ddsm\images\synth_mammo_0100_benign.png,BENIGN,0
E:\auramed\training\data\breast\raw\synthetic_cbis_ddsm\images\synth_mammo_0101_benign.png,BENIGN,0
E:\auramed\training\data\breast\raw\synthetic_cbis_ddsm\images\synth_mammo_0102_malignant.png,MALIGNANT,1
E:\auramed\training\data\breast\raw\synthetic_cbis_ddsm\images\synth_mammo_0103_benign.png,BENIGN,0
E:\auramed\training\data\breast\raw\synthetic_cbis_ddsm\images\synth_mammo_0104_benign.png,BENIGN,0
E:\auramed\training\data\breast\raw\synthetic_cbis_ddsm\images\synth_mammo_0105_malignant.png,MALIGNANT,1
E:\auramed\training\data\breast\raw\synthetic_cbis_ddsm\images\synth_mammo_0106_benign.png,BENIGN,0
E:\auramed\training\data\breast\raw\synthetic_cbis_ddsm\images\synth_mammo_0107_benign.png,BENIGN,0
E:\auramed\training\data\breast\raw\synthetic_cbis_ddsm\images\synth_mammo_0108_malignant.png,MALIGNANT,1
E:\auramed\training\data\breast\raw\synthetic_cbis_ddsm\images\synth_mammo_0109_benign.png,BENIGN,0
E:\auramed\training\data\breast\raw\synthetic_cbis_ddsm\images\synth_mammo_0110_benign.png,BENIGN,0
E:\auramed\training\data\breast\raw\synthetic_cbis_ddsm\images\synth_mammo_0111_malignant.png,MALIGNANT,1
E:\auramed\training\data\breast\raw\synthetic_cbis_ddsm\images\synth_mammo_0112_benign.png,BENIGN,0
E:\auramed\training\data\breast\raw\synthetic_cbis_ddsm\images\synth_mammo_0113_benign.png,BENIGN,0
E:\auramed\training\data\breast\raw\synthetic_cbis_ddsm\images\synth_mammo_0114_malignant.png,MALIGNANT,1
E:\auramed\training\data\breast\raw\synthetic_cbis_ddsm\images\synth_mammo_0115_benign.png,BENIGN,0
E:\auramed\training\data\breast\raw\synthetic_cbis_ddsm\images\synth_mammo_0116_benign.png,BENIGN,0
E:\auramed\training\data\breast\raw\synthetic_cbis_ddsm\images\synth_mammo_0117_malignant.png,MALIGNANT,1
E:\auramed\training\data\breast\raw\synthetic_cbis_ddsm\images\synth_mammo_0118_benign.png,BENIGN,0
E:\auramed\training\data\breast\raw\synthetic_cbis_ddsm\images\synth_mammo_0119_benign.png,BENIGN,0
E:\auramed\training\data\breast\raw\synthetic_cbis_ddsm\images\synth_mammo_0120_malignant.png,MALIGNANT,1
E:\auramed\training\data\breast\raw\synthetic_cbis_ddsm\images\synth_mammo_0121_benign.png,BENIGN,0
E:\auramed\training\data\breast\raw\synthetic_cbis_ddsm\images\synth_mammo_0122_benign.png,BENIGN,0
E:\auramed\training\data\breast\raw\synthetic_cbis_ddsm\images\synth_mammo_0123_malignant.png,MALIGNANT,1
E:\auramed\training\data\breast\raw\synthetic_cbis_ddsm\images\synth_mammo_0124_benign.png,BENIGN,0
E:\auramed\training\data\breast\raw\synthetic_cbis_ddsm\images\synth_mammo_0125_benign.png,BENIGN,0
E:\auramed\training\data\breast\raw\synthetic_cbis_ddsm\images\synth_mammo_0126_malignant.png,MALIGNANT,1
E:\auramed\training\data\breast\raw\synthetic_cbis_ddsm\images\synth_mammo_0127_benign.png,BENIGN,0
E:\auramed\training\data\breast\raw\synthetic_cbis_ddsm\images\synth_mammo_0128_benign.png,BENIGN,0
E:\auramed\training\data\breast\raw\synthetic_cbis_ddsm\images\synth_mammo_0129_malignant.png,MALIGNANT,1
E:\auramed\training\data\breast\raw\synthetic_cbis_ddsm\images\synth_mammo_0130_benign.png,BENIGN,0
E:\auramed\training\data\breast\raw\synthetic_cbis_ddsm\images\synth_mammo_0131_benign.png,BENIGN,0
E:\auramed\training\data\breast\raw\synthetic_cbis_ddsm\images\synth_mammo_0132_malignant.png,MALIGNANT,1
E:\auramed\training\data\breast\raw\synthetic_cbis_ddsm\images\synth_mammo_0133_benign.png,BENIGN,0
E:\auramed\training\data\breast\raw\synthetic_cbis_ddsm\images\synth_mammo_0134_benign.png,BENIGN,0
E:\auramed\training\data\breast\raw\synthetic_cbis_ddsm\images\synth_mammo_0135_malignant.png,MALIGNANT,1
E:\auramed\training\data\breast\raw\synthetic_cbis_ddsm\images\synth_mammo_0136_benign.png,BENIGN,0
E:\auramed\training\data\breast\raw\synthetic_cbis_ddsm\images\synth_mammo_0137_benign.png,BENIGN,0
E:\auramed\training\data\breast\raw\synthetic_cbis_ddsm\images\synth_mammo_0138_malignant.png,MALIGNANT,1
E:\auramed\training\data\breast\raw\synthetic_cbis_ddsm\images\synth_mammo_0139_benign.png,BENIGN,0
E:\auramed\training\data\breast\raw\synthetic_cbis_ddsm\images\synth_mammo_0140_benign.png,BENIGN,0
E:\auramed\training\data\breast\raw\synthetic_cbis_ddsm\images\synth_mammo_0141_malignant.png,MALIGNANT,1
E:\auramed\training\data\breast\raw\synthetic_cbis_ddsm\images\synth_mammo_0142_benign.png,BENIGN,0
E:\auramed\training\data\breast\raw\synthetic_cbis_ddsm\images\synth_mammo_0143_benign.png,BENIGN,0
E:\auramed\training\data\breast\raw\synthetic_cbis_ddsm\images\synth_mammo_0144_malignant.png,MALIGNANT,1
E:\auramed\training\data\breast\raw\synthetic_cbis_ddsm\images\synth_mammo_0145_benign.png,BENIGN,0
E:\auramed\training\data\breast\raw\synthetic_cbis_ddsm\images\synth_mammo_0146_benign.png,BENIGN,0
E:\auramed\training\data\breast\raw\synthetic_cbis_ddsm\images\synth_mammo_0147_malignant.png,MALIGNANT,1
E:\auramed\training\data\breast\raw\synthetic_cbis_ddsm\images\synth_mammo_0148_benign.png,BENIGN,0
E:\auramed\training\data\breast\raw\synthetic_cbis_ddsm\images\synth_mammo_0149_benign.png,BENIGN,0
E:\auramed\training\data\breast\raw\synthetic_cbis_ddsm\images\synth_mammo_0150_malignant.png,MALIGNANT,1
E:\auramed\training\data\breast\raw\synthetic_cbis_ddsm\images\synth_mammo_0151_benign.png,BENIGN,0
E:\auramed\training\data\breast\raw\synthetic_cbis_ddsm\images\synth_mammo_0152_benign.png,BENIGN,0
E:\auramed\training\data\breast\raw\synthetic_cbis_ddsm\images\synth_mammo_0153_malignant.png,MALIGNANT,1
E:\auramed\training\data\breast\raw\synthetic_cbis_ddsm\images\synth_mammo_0154_benign.png,BENIGN,0
E:\auramed\training\data\breast\raw\synthetic_cbis_ddsm\images\synth_mammo_0155_benign.png,BENIGN,0
E:\auramed\training\data\breast\raw\synthetic_cbis_ddsm\images\synth_mammo_0156_malignant.png,MALIGNANT,1
E:\auramed\training\data\breast\raw\synthetic_cbis_ddsm\images\synth_mammo_0157_benign.png,BENIGN,0
E:\auramed\training\data\breast\raw\synthetic_cbis_ddsm\images\synth_mammo_0158_benign.png,BENIGN,0
E:\auramed\training\data\breast\raw\synthetic_cbis_ddsm\images\synth_mammo_0159_malignant.png,MALIGNANT,1
E:\auramed\training\data\breast\raw\synthetic_cbis_ddsm\images\synth_mammo_0160_benign.png,BENIGN,0
E:\auramed\training\data\breast\raw\synthetic_cbis_ddsm\images\synth_mammo_0161_benign.png,BENIGN,0
E:\auramed\training\data\breast\raw\synthetic_cbis_ddsm\images\synth_mammo_0162_malignant.png,MALIGNANT,1
E:\auramed\training\data\breast\raw\synthetic_cbis_ddsm\images\synth_mammo_0163_benign.png,BENIGN,0
E:\auramed\training\data\breast\raw\synthetic_cbis_ddsm\images\synth_mammo_0164_benign.png,BENIGN,0
E:\auramed\training\data\breast\raw\synthetic_cbis_ddsm\images\synth_mammo_0165_malignant.png,MALIGNANT,1
E:\auramed\training\data\breast\raw\synthetic_cbis_ddsm\images\synth_mammo_0166_benign.png,BENIGN,0
E:\auramed\training\data\breast\raw\synthetic_cbis_ddsm\images\synth_mammo_0167_benign.png,BENIGN,0
E:\auramed\training\data\breast\raw\synthetic_cbis_ddsm\images\synth_mammo_0168_malignant.png,MALIGNANT,1
E:\auramed\training\data\breast\raw\synthetic_cbis_ddsm\images\synth_mammo_0169_benign.png,BENIGN,0
E:\auramed\training\data\breast\raw\synthetic_cbis_ddsm\images\synth_mammo_0170_benign.png,BENIGN,0
E:\auramed\training\data\breast\raw\synthetic_cbis_ddsm\images\synth_mammo_0171_malignant.png,MALIGNANT,1
E:\auramed\training\data\breast\raw\synthetic_cbis_ddsm\images\synth_mammo_0172_benign.png,BENIGN,0
E:\auramed\training\data\breast\raw\synthetic_cbis_ddsm\images\synth_mammo_0173_benign.png,BENIGN,0
E:\auramed\training\data\breast\raw\synthetic_cbis_ddsm\images\synth_mammo_0174_malignant.png,MALIGNANT,1
E:\auramed\training\data\breast\raw\synthetic_cbis_ddsm\images\synth_mammo_0175_benign.png,BENIGN,0
E:\auramed\training\data\breast\raw\synthetic_cbis_ddsm\images\synth_mammo_0176_benign.png,BENIGN,0
E:\auramed\training\data\breast\raw\synthetic_cbis_ddsm\images\synth_mammo_0177_malignant.png,MALIGNANT,1
E:\auramed\training\data\breast\raw\synthetic_cbis_ddsm\images\synth_mammo_0178_benign.png,BENIGN,0
E:\auramed\training\data\breast\raw\synthetic_cbis_ddsm\images\synth_mammo_0179_benign.png,BENIGN,0
E:\auramed\training\data\breast\raw\synthetic_cbis_ddsm\images\synth_mammo_0180_malignant.png,MALIGNANT,1
E:\auramed\training\data\breast\raw\synthetic_cbis_ddsm\images\synth_mammo_0181_benign.png,BENIGN,0
E:\auramed\training\data\breast\raw\synthetic_cbis_ddsm\images\synth_mammo_0182_benign.png,BENIGN,0
E:\auramed\training\data\breast\raw\synthetic_cbis_ddsm\images\synth_mammo_0183_malignant.png,MALIGNANT,1
E:\auramed\training\data\breast\raw\synthetic_cbis_ddsm\images\synth_mammo_0184_benign.png,BENIGN,0
E:\auramed\training\data\breast\raw\synthetic_cbis_ddsm\images\synth_mammo_0185_benign.png,BENIGN,0
E:\auramed\training\data\breast\raw\synthetic_cbis_ddsm\images\synth_mammo_0186_malignant.png,MALIGNANT,1
E:\auramed\training\data\breast\raw\synthetic_cbis_ddsm\images\synth_mammo_0187_benign.png,BENIGN,0
E:\auramed\training\data\breast\raw\synthetic_cbis_ddsm\images\synth_mammo_0188_benign.png,BENIGN,0
E:\auramed\training\data\breast\raw\synthetic_cbis_ddsm\images\synth_mammo_0189_malignant.png,MALIGNANT,1
E:\auramed\training\data\breast\raw\synthetic_cbis_ddsm\images\synth_mammo_0190_benign.png,BENIGN,0
E:\auramed\training\data\breast\raw\synthetic_cbis_ddsm\images\synth_mammo_0191_benign.png,BENIGN,0
E:\auramed\training\data\breast\raw\synthetic_cbis_ddsm\images\synth_mammo_0192_malignant.png,MALIGNANT,1
E:\auramed\training\data\breast\raw\synthetic_cbis_ddsm\images\synth_mammo_0193_benign.png,BENIGN,0
E:\auramed\training\data\breast\raw\synthetic_cbis_ddsm\images\synth_mammo_0194_benign.png,BENIGN,0
E:\auramed\training\data\breast\raw\synthetic_cbis_ddsm\images\synth_mammo_0195_malignant.png,MALIGNANT,1
E:\auramed\training\data\breast\raw\synthetic_cbis_ddsm\images\synth_mammo_0196_benign.png,BENIGN,0
E:\auramed\training\data\breast\raw\synthetic_cbis_ddsm\images\synth_mammo_0197_benign.png,BENIGN,0
E:\auramed\training\data\breast\raw\synthetic_cbis_ddsm\images\synth_mammo_0198_malignant.png,MALIGNANT,1
E:\auramed\training\data\breast\raw\synthetic_cbis_ddsm\images\synth_mammo_0199_benign.png,BENIGN,0
